{
    "ph": [
        "ường",
        "úc",
        "an",
        "ú",
        "ụ",
        "ụng",
        "ương",
        "ạm",
        "ố",
        "ù",
        "ong",
        "ùng",
        "ượng",
        "ó",
        "ìn",
        "iêng",
        "àng",
        "i",
        "ặc",
        "ủ",
        "ái",
        "ời",
        "a",
        "ình",
        "iệt",
        "ăng",
        "ông",
        "u",
        "ì",
        "ài",
        "o",
        "ổng",
        "ặng",
        "ung",
        "iên",
        "ác",
        "ạ",
        "eo",
        "òn",
        "ấn",
        "ục",
        "ồn",
        "ật",
        "ả",
        "iến",
        "át",
        "à",
        "ổ",
        "ước",
        "ô",
        "í",
        "ang",
        "ê",
        "ơi",
        "áo",
        "òng",
        "ích",
        "ải",
        "án",
        "ẩm"
    ],
    "ng": [
        "õ",
        "ách",
        "uyễn",
        "ọc",
        "hĩa",
        "ã",
        "uyên",
        "ũ",
        "ạc",
        "ô",
        "ải",
        "hiêm",
        "à",
        "am",
        "ần",
        "ài",
        "àm",
        "ò",
        "ân",
        "hiên",
        "an",
        "ối",
        "ảo",
        "hịu",
        "òi",
        "a",
        "hị",
        "hê",
        "ổ",
        "hiệp",
        "ạn",
        "hinh",
        "oại",
        "ại",
        "uyệt",
        "àn",
        "âm",
        "ọ",
        "ư",
        "hi",
        "oi",
        "hèn",
        "hì",
        "o",
        "ây",
        "âu",
        "ọk",
        "ok",
        "oong",
        "ai",
        "ãi",
        "hệ",
        "hé",
        "ang",
        "ươn",
        "ự"
    ],
    "tr": [
        "úc",
        "ung",
        "ực",
        "ống",
        "àng",
        "ần",
        "inh",
        "ương",
        "ì",
        "ấn",
        "í",
        "âu",
        "iều",
        "áng",
        "ãi",
        "ầm",
        "ại",
        "ạch",
        "ạm",
        "ôi",
        "ường",
        "i",
        "ái",
        "à",
        "ịnh",
        "ị",
        "ùng",
        "iệu",
        "ình",
        "ọng",
        "ĩ",
        "ào",
        "a",
        "ai",
        "ạng",
        "ưng",
        "ìu",
        "anh",
        "ù",
        "ang",
        "ắc",
        "ục",
        "ừng",
        "e",
        "ay",
        "ữ",
        "ân",
        "ụ",
        "ác",
        "ạo",
        "ành",
        "ăm",
        "ok",
        "ul",
        "ấp",
        "iết",
        "ía",
        "uông",
        "ảng",
        "ừ",
        "âm",
        "ầu",
        "ôm",
        "àm",
        "òn",
        "ăng"
    ],
    "gi": [
        "ai",
        "ảng",
        "ang",
        "a",
        "ám",
        "áp",
        "ã",
        "àng",
        "à",
        "áo",
        "ao",
        "ới",
        "ôn",
        "á",
        "ếng",
        "án",
        "ản",
        "ả",
        "ải",
        "át",
        "o",
        "ác",
        "ây",
        "uộc",
        "ồng",
        "ục",
        "ấy",
        "ờ"
    ],
    "qu": [
        "án",
        "ảng",
        "an",
        "ốc",
        "ang",
        "ỳnh",
        "ỳ",
        "yền",
        "ế",
        "ất",
        "áng",
        "ản",
        "yết",
        "ý",
        "ân",
        "í",
        "ận",
        "a",
        "ài",
        "ai",
        "i",
        "y",
        "ả",
        "ỹ",
        "yn",
        "ê",
        "ới",
        "ơn",
        "ao",
        "ách"
    ],
    "th": [
        "ánh",
        "ành",
        "ái",
        "ượng",
        "ụy",
        "anh",
        "ạch",
        "iên",
        "ổ",
        "ịnh",
        "ụ",
        "ị",
        "u",
        "uỵ",
        "ường",
        "ắng",
        "uần",
        "ọ",
        "uấn",
        "uận",
        "áp",
        "án",
        "ủy",
        "ùy",
        "ư",
        "ống",
        "iện",
        "ài",
        "ầu",
        "àng",
        "èn",
        "ông",
        "ám",
        "ôn",
        "uỷ",
        "ăng",
        "ảo",
        "ể",
        "i",
        "iết",
        "ào",
        "ẩn",
        "ải",
        "a",
        "ẩm",
        "ì",
        "ín",
        "ơm",
        "an",
        "ân",
        "uộc",
        "ôm",
        "ia",
        "ế",
        "íp",
        "ác",
        "ung",
        "ần",
        "ất",
        "uật",
        "ực",
        "ản",
        "ao",
        "ục",
        "ứa",
        "ứ",
        "úc",
        "ủ",
        "oi",
        "iệu",
        "úy",
        "ạc",
        "ang",
        "ạnh",
        "ương",
        "ầy",
        "ụp",
        "ai",
        "ố",
        "ới",
        "iêu",
        "ừa",
        "iền",
        "iêm",
        "iềng",
        "ảnh",
        "oại",
        "ê",
        "ốt",
        "am",
        "ời",
        "ơ",
        "ước",
        "uột",
        "o",
        "ít"
    ],
    "kh": [
        "ánh",
        "uê",
        "ối",
        "âm",
        "ương",
        "oa",
        "ai",
        "ê",
        "anh",
        "âu",
        "òa",
        "uôn",
        "ang",
        "au",
        "ả",
        "áng",
        "ấu",
        "oang",
        "ong",
        "ăn",
        "un",
        "ao",
        "oá",
        "ổng",
        "oen",
        "ay",
        "inh",
        "iêng",
        "ừa",
        "oi",
        "oài",
        "eo",
        "oong",
        "a",
        "ủa",
        "ắt",
        "óe",
        "oan",
        "e",
        "ôi",
        "oái",
        "uất",
        "ẩu",
        "oai",
        "ám",
        "ải",
        "úc",
        "oán",
        "ắc",
        "ởi",
        "uyến",
        "uông",
        "iêm",
        "o",
        "ơng",
        "ươl",
        "al",
        "ế",
        "ái"
    ],
    "ch": [
        "ương",
        "u",
        "ợ",
        "ính",
        "ung",
        "i",
        "âu",
        "àng",
        "úc",
        "uyên",
        "ải",
        "inh",
        "iến",
        "oóng",
        "í",
        "ế",
        "ì",
        "ủ",
        "iêu",
        "ân",
        "ạc",
        "eo",
        "ồ",
        "in",
        "ảy",
        "ư",
        "éng",
        "ỉ",
        "ầy",
        "iềng",
        "à",
        "ùa",
        "ăn",
        "ua",
        "a",
        "iên",
        "ùm",
        "ú",
        "ếu",
        "im",
        "anh",
        "uẩn",
        "ấn",
        "um",
        "è",
        "áy",
        "ẽ",
        "ũ",
        "ờ",
        "ẩn",
        "uối",
        "ai",
        "iểu",
        "ất",
        "ánh",
        "ấp",
        "ữ",
        "ơ",
        "un",
        "oong",
        "ia",
        "iêng",
        "ro",
        "rôh",
        "oah",
        "ais",
        "ơn",
        "èo",
        "iêm",
        "àm"
    ],
    "nh": [
        "ật",
        "ân",
        "àn",
        "uế",
        "ị",
        "iên",
        "ất",
        "ùng",
        "ìu",
        "ạn",
        "ư",
        "ữ",
        "in",
        "ai",
        "uận",
        "é",
        "è",
        "ung",
        "à",
        "ừ",
        "i",
        "ì",
        "ùn",
        "a",
        "am",
        "ượng",
        "iêu",
        "ã",
        "ạc",
        "uệ",
        "ạo",
        "o",
        "oóng",
        "ôn",
        "âm",
        "ơn",
        "oong",
        "im",
        "au",
        "ứt",
        "ựt",
        "um"
    ],
    "gh": [
        "ềnh"
    ],
    "p": [
        "hường",
        "húc",
        "han",
        "hú",
        "hụ",
        "hụng",
        "hương",
        "hạm",
        "hố",
        "hù",
        "hong",
        "hùng",
        "hượng",
        "hó",
        "hìn",
        "ải",
        "ả",
        "ù",
        "ờ",
        "hiêng",
        "ố",
        "ài",
        "hàng",
        "à",
        "ác",
        "àng",
        "hi",
        "hặc",
        "hủ",
        "hái",
        "om",
        "hời",
        "a",
        "ung",
        "ha",
        "an",
        "hình",
        "hiệt",
        "ăng",
        "hăng",
        "á",
        "ú",
        "hông",
        "ồn",
        "hu",
        "hì",
        "hài",
        "u",
        "ho",
        "ắc",
        "ì",
        "hổng",
        "úng",
        "ấc",
        "hặng",
        "ăm",
        "i",
        "e",
        "ằn",
        "ó",
        "ẩu",
        "hung",
        "hiên",
        "hác",
        "hạ",
        "án",
        "heo",
        "hòn",
        "hấn",
        "hục",
        "hồn",
        "hật",
        "hả",
        "hiến",
        "hát",
        "hà",
        "hổ",
        "hước",
        "hô",
        "ơơ",
        "re",
        "ring",
        "ék",
        "lei",
        "ô",
        "ne",
        "xi",
        "ai",
        "la",
        "ết",
        "hí",
        "ếch",
        "ang",
        "ling",
        "ơ",
        "nôn",
        "rông",
        "úch",
        "ia",
        "iơr",
        "ơng",
        "al",
        "iar",
        "eng",
        "ơnan",
        "hang",
        "ốk",
        "uk",
        "ăl",
        "rao",
        "il",
        "ui",
        "hê",
        "hơi",
        "lao",
        "ró",
        "loa",
        "háo",
        "hòng",
        "hích",
        "hải",
        "hán",
        "hẩm",
        "ồ",
        "lông",
        "leiku",
        "ăh",
        "ưh"
    ],
    "x": [
        "ã",
        "á",
        "uân",
        "uyên",
        "uy",
        "à",
        "ín",
        "ả",
        "ỉn",
        "uất",
        "a",
        "át",
        "èo",
        "é",
        "ây",
        "i",
        "ương",
        "e",
        "ôm",
        "ím",
        "ùa",
        "anh",
        "ạ",
        "ích",
        "én",
        "iêng",
        "y",
        "an",
        "inh",
        "u",
        "ốp",
        "ú",
        "iêr",
        "ăng",
        "uôi",
        "oài"
    ],
    "n": [
        "gõ",
        "gách",
        "guyễn",
        "gọc",
        "am",
        "hật",
        "ghĩa",
        "gã",
        "hân",
        "hàn",
        "inh",
        "ộn",
        "guyên",
        "ỗ",
        "ội",
        "gũ",
        "gạc",
        "huế",
        "gô",
        "gải",
        "ậu",
        "hị",
        "hiên",
        "hất",
        "ghiêm",
        "gà",
        "ậm",
        "iêm",
        "a",
        "gam",
        "ông",
        "gần",
        "àng",
        "gài",
        "gàm",
        "hùng",
        "àn",
        "hìu",
        "gò",
        "ấm",
        "à",
        "ặm",
        "gân",
        "ước",
        "hạn",
        "ghiên",
        "hư",
        "ăng",
        "hữ",
        "gan",
        "hin",
        "hai",
        "iên",
        "huận",
        "oong",
        "ưa",
        "hé",
        "èn",
        "hè",
        "hung",
        "oọng",
        "úa",
        "hà",
        "hừ",
        "hi",
        "ong",
        "gối",
        "ùng",
        "gảo",
        "hì",
        "hùn",
        "ọi",
        "t",
        "ang",
        "òi",
        "ơi",
        "ghịu",
        "ha",
        "ham",
        "gòi",
        "ga",
        "ghị",
        "ánh",
        "ghê",
        "uông",
        "ai",
        "ê",
        "gổ",
        "hượng",
        "ghiệp",
        "gạn",
        "hiêu",
        "ghinh",
        "ung",
        "goại",
        "hã",
        "hạc",
        "gại",
        "ếnh",
        "huệ",
        "guyệt",
        "hạo",
        "iệm",
        "gàn",
        "gâm",
        "gọ",
        "úi",
        "ho",
        "gư",
        "ghi",
        "ọc",
        "hoóng",
        "goi",
        "hôn",
        "ài",
        "ghèn",
        "ẫm",
        "ghì",
        "go",
        "hâm",
        "ại",
        "hơn",
        "gây",
        "ú",
        "ới",
        "á",
        "é",
        "gâu",
        "gọk",
        "hoong",
        "ên",
        "gok",
        "eng",
        "ing",
        "an",
        "goong",
        "uôl",
        "gai",
        "i",
        "uê",
        "ô",
        "ia",
        "âm",
        "him",
        "gãi",
        "ơ",
        "hau",
        "ghệ",
        "hứt",
        "ghé",
        "hựt",
        "gang",
        "hum",
        "gươn",
        "óc",
        "ốt",
        "ăm",
        "ẵng",
        "gự"
    ],
    "t": [
        "rúc",
        "rung",
        "rực",
        "hánh",
        "oàn",
        "hành",
        "ân",
        "hái",
        "ổ",
        "rống",
        "ràng",
        "iền",
        "rần",
        "rinh",
        "hượng",
        "ứ",
        "hụy",
        "hanh",
        "hạch",
        "ử",
        "hiên",
        "hổ",
        "hịnh",
        "ự",
        "ư",
        "âm",
        "uy",
        "rương",
        "rì",
        "ương",
        "hụ",
        "hị",
        "rấn",
        "rí",
        "iến",
        "iên",
        "hu",
        "huỵ",
        "ú",
        "àm",
        "hường",
        "râu",
        "ốn",
        "ây",
        "riều",
        "ả",
        "am",
        "hắng",
        "ựu",
        "ảo",
        "ráng",
        "rãi",
        "rầm",
        "ản",
        "òng",
        "huần",
        "rại",
        "họ",
        "ích",
        "rạch",
        "huấn",
        "huận",
        "háp",
        "rạm",
        "rôi",
        "uyết",
        "hán",
        "rường",
        "hủy",
        "ốt",
        "hùy",
        "hư",
        "ín",
        "hống",
        "ô",
        "ri",
        "úc",
        "ừ",
        "ế",
        "hiện",
        "áo",
        "hài",
        "ủng",
        "hầu",
        "rái",
        "rà",
        "át",
        "ỷ",
        "ùng",
        "ám",
        "hàng",
        "hèn",
        "úng",
        "ụ",
        "ỵ",
        "hông",
        "à",
        "rịnh",
        "hám",
        "rị",
        "hôn",
        "ổng",
        "rùng",
        "huỷ",
        "hăng",
        "oản",
        "hảo",
        "uấn",
        "ung",
        "ĩnh",
        "riệu",
        "hể",
        "rình",
        "rọng",
        "ụng",
        "rĩ",
        "hi",
        "á",
        "hiết",
        "ường",
        "inh",
        "rào",
        "ăng",
        "uyển",
        "ý",
        "ẩn",
        "hào",
        "hẩn",
        "hải",
        "ằng",
        "ha",
        "hẩm",
        "ấu",
        "oong",
        "hì",
        "ủa",
        "uần",
        "a",
        "hín",
        "ỏa",
        "ình",
        "ở",
        "ênh",
        "hơm",
        "ông",
        "ìa",
        "in",
        "ần",
        "ăm",
        "è",
        "han",
        "hân",
        "huộc",
        "hôm",
        "ra",
        "rai",
        "ạ",
        "ọ",
        "y",
        "rạng",
        "hia",
        "hế",
        "híp",
        "ầm",
        "ạo",
        "hác",
        "hung",
        "uân",
        "rưng",
        "rìu",
        "ức",
        "ranh",
        "hần",
        "hất",
        "huật",
        "ác",
        "ịch",
        "u",
        "hực",
        "rù",
        "rang",
        "iêu",
        "hản",
        "ập",
        "ề",
        "hao",
        "hục",
        "ất",
        "rắc",
        "rục",
        "ang",
        "hứa",
        "rừng",
        "ắm",
        "hứ",
        "húc",
        "ái",
        "ố",
        "oan",
        "ơ",
        "re",
        "ray",
        "rữ",
        "rân",
        "ài",
        "rụ",
        "hủ",
        "ống",
        "uyền",
        "iết",
        "rác",
        "ượng",
        "ôn",
        "hoi",
        "rạo",
        "hiệu",
        "ào",
        "húy",
        "oại",
        "oán",
        "rành",
        "íp",
        "ầng",
        "hạc",
        "hang",
        "hạnh",
        "iêng",
        "ing",
        "ôi",
        "ịnh",
        "hương",
        "ới",
        "ồn",
        "ấn",
        "ánh",
        "răm",
        "em",
        "ờ",
        "hầy",
        "ê",
        "ơi",
        "hụp",
        "ôr",
        "iêm",
        "ó",
        "ul",
        "rok",
        "hai",
        "ir",
        "ar",
        "óh",
        "ih",
        "rul",
        "rấp",
        "ao",
        "riết",
        "ría",
        "ẻh",
        "ruông",
        "rảng",
        "rừ",
        "hố",
        "iếng",
        "hới",
        "hiêu",
        "râm",
        "rầu",
        "hừa",
        "hiền",
        "ỉnh",
        "óc",
        "hiêm",
        "uyên",
        "hiềng",
        "rôm",
        "iểu",
        "hảnh",
        "ràm",
        "àu",
        "uyến",
        "hoại",
        "hê",
        "hốt",
        "ắc",
        "ham",
        "ròn",
        "hời",
        "um",
        "hơ",
        "răng",
        "hước",
        "huột",
        "ho",
        "hít"
    ],
    "b": [
        "ạch",
        "iên",
        "uồm",
        "ồ",
        "ạc",
        "ông",
        "ài",
        "ưởi",
        "àn",
        "ột",
        "ách",
        "át",
        "ắc",
        "ối",
        "i",
        "ạt",
        "a",
        "ình",
        "ằng",
        "ị",
        "ích",
        "ảng",
        "an",
        "ạ",
        "á",
        "ản",
        "ôn",
        "ảo",
        "ộ",
        "ế",
        "ộc",
        "ố",
        "ành",
        "o",
        "ua",
        "áng",
        "úng",
        "ủng",
        "um",
        "un",
        "ám",
        "ôm",
        "ó",
        "on",
        "ú",
        "au",
        "ang",
        "ánh",
        "àng",
        "ốn",
        "áo",
        "u",
        "à",
        "ôi",
        "áy",
        "ao",
        "ồng",
        "ẩm",
        "ãi",
        "ục",
        "ác",
        "ính",
        "iển",
        "iền",
        "ái",
        "ến",
        "án",
        "ão",
        "ì",
        "ội",
        "ần",
        "út",
        "àu",
        "ồi",
        "ùi",
        "ung",
        "iều",
        "ổn",
        "ha",
        "hinh",
        "ui",
        "ok",
        "ay",
        "là",
        "lô",
        "ờ",
        "uk",
        "ăh",
        "ầu",
        "ăng",
        "ă",
        "oòng",
        "ar",
        "lang",
        "roăi",
        "lứ",
        "úk",
        "uôn",
        "hốk",
        "hăng",
        "ri",
        "ù",
        "om",
        "ửu",
        "ưng",
        "è",
        "inh",
        "ảy",
        "ể",
        "í",
        "ỉm"
    ],
    "v": [
        "ĩnh",
        "ị",
        "õ",
        "iệt",
        "ọng",
        "ăn",
        "ân",
        "õng",
        "iên",
        "ạn",
        "ật",
        "ì",
        "ực",
        "ần",
        "ạc",
        "i",
        "ĩ",
        "ai",
        "inh",
        "à",
        "ài",
        "án",
        "ầy",
        "ô",
        "iễn",
        "ũ",
        "ượng",
        "ận",
        "iện",
        "ược",
        "an",
        "àng",
        "ệ",
        "ây",
        "àn",
        "ạt",
        "iêng",
        "e",
        "ụ",
        "ương",
        "ỹ",
        "ừng",
        "ôi",
        "iêm",
        "u",
        "ịnh",
        "ao",
        "àl",
        "er",
        "ê",
        "ong",
        "àm",
        "ang",
        "ũng",
        "ồn",
        "ò",
        "ung",
        "oi",
        "ii",
        "ấp"
    ],
    "c": [
        "ống",
        "ấn",
        "ông",
        "ửa",
        "hương",
        "hu",
        "ự",
        "át",
        "hợ",
        "ầu",
        "hính",
        "ường",
        "hung",
        "ổ",
        "anh",
        "hi",
        "hâu",
        "ẩm",
        "am",
        "ốc",
        "ôn",
        "ách",
        "ộng",
        "hàng",
        "ần",
        "húc",
        "ao",
        "huyên",
        "an",
        "ú",
        "áo",
        "hải",
        "ái",
        "án",
        "hinh",
        "hiến",
        "hoóng",
        "hí",
        "à",
        "hế",
        "hì",
        "ô",
        "úc",
        "ải",
        "ọt",
        "ai",
        "hủ",
        "a",
        "on",
        "ư",
        "ố",
        "hiêu",
        "hân",
        "ấp",
        "hạc",
        "heo",
        "hồ",
        "hin",
        "hảy",
        "hư",
        "ấu",
        "héng",
        "ủ",
        "ầm",
        "ọn",
        "hỉ",
        "hầy",
        "hiềng",
        "hà",
        "hùa",
        "ang",
        "hăn",
        "áy",
        "hua",
        "ả",
        "áp",
        "ha",
        "ăn",
        "o",
        "uổi",
        "ọ",
        "ơi",
        "hiên",
        "hùm",
        "hú",
        "hếu",
        "him",
        "hanh",
        "ò",
        "ằm",
        "ộp",
        "huẩn",
        "uông",
        "ăng",
        "ó",
        "u",
        "hấn",
        "ảm",
        "hum",
        "uối",
        "un",
        "ương",
        "hè",
        "au",
        "ây",
        "ù",
        "ác",
        "háy",
        "hẽ",
        "ốt",
        "hũ",
        "ấm",
        "ảnh",
        "ơ",
        "ôi",
        "ửu",
        "hờ",
        "hẩn",
        "ứu",
        "huối",
        "hai",
        "hiểu",
        "ồn",
        "hất",
        "ành",
        "hánh",
        "ung",
        "ăm",
        "ắn",
        "ạ",
        "àn",
        "ỗ",
        "hấp",
        "ựu",
        "hữ",
        "ooi",
        "hơ",
        "hun",
        "ảng",
        "ừ",
        "ủng",
        "ụm",
        "hoong",
        "hia",
        "hiêng",
        "hro",
        "ạn",
        "hrôh",
        "uôr",
        "uor",
        "hoah",
        "hais",
        "hơn",
        "ủi",
        "uốc",
        "ội",
        "ày",
        "àng",
        "ờ",
        "ùng",
        "hèo",
        "hiêm",
        "ỏ",
        "hàm"
    ],
    "l": [
        "iễu",
        "ý",
        "iên",
        "a",
        "âm",
        "ợi",
        "ong",
        "inh",
        "áng",
        "iệt",
        "ê",
        "ương",
        "ôi",
        "ĩnh",
        "ũ",
        "ỗ",
        "oa",
        "ệ",
        "an",
        "ập",
        "ao",
        "ãm",
        "ộc",
        "ại",
        "iệp",
        "am",
        "ạc",
        "ãng",
        "ộng",
        "ưu",
        "ai",
        "ũng",
        "é",
        "à",
        "ủng",
        "ùng",
        "uông",
        "ồ",
        "y",
        "uốc",
        "ang",
        "ộ",
        "ăng",
        "oan",
        "ão",
        "ực",
        "ục",
        "ạp",
        "ư",
        "ễ",
        "iêm",
        "ưỡng",
        "ôn",
        "ào",
        "ếu",
        "ệnh",
        "ù",
        "èng",
        "ầu",
        "iền",
        "úc",
        "u",
        "oỏng",
        "àng",
        "ay",
        "eng",
        "ếnh",
        "ông",
        "uống",
        "ót",
        "ói",
        "uân",
        "ôm",
        "ìa",
        "ịch",
        "ạn",
        "ũm",
        "in",
        "ả",
        "ở",
        "ìn",
        "ề",
        "ái",
        "ạnh",
        "ầm",
        "óng",
        "án",
        "ựm",
        "èo",
        "âu",
        "au",
        "ìu",
        "ành",
        "òa",
        "ân",
        "iêu",
        "ạng",
        "uận",
        "ô",
        "ung",
        "uật",
        "uyện",
        "iễn",
        "ữ",
        "ựu",
        "im",
        "ỗi",
        "ạch",
        "át",
        "ặc",
        "ẹ",
        "ống",
        "oi",
        "ượng",
        "òng",
        "ưới",
        "ãnh",
        "aêê",
        "ế",
        "úi",
        "ũy",
        "oong",
        "em",
        "ây",
        "ơ",
        "ơng",
        "ey",
        "e",
        "ốp",
        "iêng",
        "á",
        "ua",
        "ài",
        "ớn",
        "ức",
        "ách",
        "ược",
        "ấp",
        "ình",
        "ồng",
        "ắk",
        "ò",
        "ạt",
        "ậy"
    ],
    "g": [
        "iai",
        "iảng",
        "ai",
        "iang",
        "ia",
        "iám",
        "iáp",
        "iã",
        "iàng",
        "ià",
        "iáo",
        "iao",
        "iới",
        "iôn",
        "iá",
        "iếng",
        "ián",
        "ót",
        "iản",
        "iả",
        "ôi",
        "iải",
        "iát",
        "io",
        "a",
        "iác",
        "hềnh",
        "lei",
        "ào",
        "ang",
        "lar",
        "răng",
        "lai",
        "u",
        "ằn",
        "ung",
        "uôi",
        "ò",
        "òn",
        "áo",
        "iây",
        "iuộc",
        "ạo",
        "iồng",
        "iục",
        "ành",
        "òi",
        "ốc",
        "iấy",
        "i",
        "rai",
        "long",
        "iờ"
    ],
    "q": [
        "uán",
        "uảng",
        "uan",
        "uốc",
        "uang",
        "uỳnh",
        "uỳ",
        "uyền",
        "uế",
        "uất",
        "uáng",
        "uản",
        "uyết",
        "uý",
        "uân",
        "uí",
        "uận",
        "ua",
        "uài",
        "uai",
        "ui",
        "uy",
        "uả",
        "uỹ",
        "uyn",
        "uê",
        "uới",
        "uơn",
        "ưới",
        "uao",
        "uách"
    ],
    "h": [
        "à",
        "àng",
        "ưng",
        "ậu",
        "oa",
        "oà",
        "ạ",
        "ổ",
        "ành",
        "uế",
        "oàng",
        "ồng",
        "iền",
        "ùng",
        "ải",
        "ội",
        "iệp",
        "ữu",
        "ồi",
        "òa",
        "át",
        "ương",
        "ợp",
        "iệu",
        "ố",
        "ồ",
        "ảo",
        "iến",
        "ạnh",
        "ọc",
        "uy",
        "án",
        "iếu",
        "ai",
        "uệ",
        "uyền",
        "óa",
        "ân",
        "ỷ",
        "ang",
        "ào",
        "um",
        "ối",
        "àm",
        "im",
        "uổi",
        "ừa",
        "am",
        "ua",
        "ẹt",
        "ẹ",
        "áng",
        "ỳ",
        "on",
        "á",
        "ẻo",
        "ăn",
        "oang",
        "ướng",
        "ắc",
        "ặc",
        "ộc",
        "ung",
        "ẩu",
        "u",
        "ịch",
        "ẻm",
        "uống",
        "iên",
        "oan",
        "e",
        "oành",
        "anh",
        "ồn",
        "úc",
        "ãn",
        "ưu",
        "ộ",
        "ựu",
        "ạc",
        "y",
        "oá",
        "ạp",
        "oàn",
        "oài",
        "àn",
        "oè",
        "iển",
        "oằng",
        "oạt",
        "uồi",
        "àu",
        "inh",
        "uân",
        "ài",
        "uynh",
        "reng",
        "oong",
        "ring",
        "ơ",
        "lơ",
        "nol",
        "rung",
        "ra",
        "tok",
        "lốp",
        "dreh",
        "iao",
        "rú",
        "la",
        "uar",
        "uê",
        "iu",
        "a",
        "ine",
        "óc",
        "uề",
        "òn",
        "uỳnh",
        "oả",
        "ợi",
        "uyện",
        "ới",
        "uoai",
        "ớn"
    ],
    "k": [
        "hánh",
        "im",
        "huê",
        "hối",
        "hâm",
        "hương",
        "hoa",
        "hai",
        "ỳ",
        "hê",
        "iêu",
        "ỵ",
        "iến",
        "hanh",
        "iệm",
        "hâu",
        "hòa",
        "huôn",
        "iều",
        "iên",
        "hang",
        "hau",
        "hả",
        "háng",
        "ế",
        "hấu",
        "en",
        "hoang",
        "è",
        "hong",
        "eo",
        "hăn",
        "ết",
        "hun",
        "a",
        "hao",
        "an",
        "hoá",
        "hổng",
        "hoen",
        "hay",
        "hinh",
        "hiêng",
        "hừa",
        "hoi",
        "hoài",
        "heo",
        "hoong",
        "ha",
        "hủa",
        "hắt",
        "ia",
        "hóe",
        "hoan",
        "he",
        "hôi",
        "ý",
        "inh",
        "hoái",
        "huất",
        "hẩu",
        "hoai",
        "ép",
        "hám",
        "iện",
        "hải",
        "húc",
        "hoán",
        "iệt",
        "hắc",
        "ênh",
        "ẻ",
        "iếm",
        "iền",
        "hởi",
        "huyến",
        "eng",
        "huông",
        "ỷ",
        "rông",
        "lang",
        "ôn",
        "ót",
        "hiêm",
        "ho",
        "iết",
        "ai",
        "roong",
        "ần",
        "on",
        "ô",
        "ôi",
        "ơi",
        "ring",
        "bang",
        "rong",
        "u",
        "ông",
        "hơng",
        "hươl",
        "reng",
        "rai",
        "rêy",
        "ơ",
        "rêl",
        "la",
        "riêng",
        "ly",
        "o",
        "dăm",
        "ao",
        "hal",
        "nia",
        "uêh",
        "pam",
        "bô",
        "lông",
        "ar",
        "nốp",
        "mút",
        "mar",
        "ang",
        "ty",
        "nuec",
        "uăng",
        "măl",
        "rang",
        "tur",
        "nớ",
        "iểng",
        "iển",
        "hế",
        "hái",
        "ạn",
        "uin"
    ],
    "đ": [
        "iện",
        "ội",
        "ồng",
        "ào",
        "ông",
        "ạo",
        "ức",
        "ề",
        "ô",
        "ằng",
        "ình",
        "ại",
        "ống",
        "ịnh",
        "ộng",
        "ổng",
        "ặng",
        "a",
        "iển",
        "ỉnh",
        "à",
        "ường",
        "an",
        "ắc",
        "iền",
        "ỗ",
        "iểm",
        "ốc",
        "ộ",
        "ích",
        "ản",
        "ôn",
        "ăng",
        "iếm",
        "àm",
        "oài",
        "ộc",
        "àn",
        "ịa",
        "án",
        "ài",
        "ét",
        "un",
        "oàn",
        "ao",
        "en",
        "á",
        "ỏ",
        "ứa",
        "áp",
        "ắt",
        "ú",
        "ậu",
        "ồi",
        "iềm",
        "u",
        "ổ",
        "ạt",
        "ạn",
        "oạn",
        "áy",
        "ầm",
        "ạp",
        "ồn",
        "ạc",
        "èo",
        "oan",
        "ám",
        "iêu",
        "ịch",
        "ảo",
        "ính",
        "ất",
        "ẩu",
        "ối",
        "iệp",
        "inh",
        "oọc",
        "ánh",
        "ôi",
        "ạm",
        "úc",
        "ớt",
        "ak",
        "ập",
        "ắk",
        "ăk",
        "al",
        "oa",
        "ê",
        "liê",
        "ar",
        "ạ",
        "ưng",
        "ờn",
        "ơn",
        "ước",
        "ảnh",
        "iều",
        "ồ",
        "am",
        "ốp",
        "éc"
    ],
    "m": [
        "ã",
        "ai",
        "iếu",
        "ác",
        "inh",
        "ạch",
        "ầu",
        "ỹ",
        "ỗ",
        "ễ",
        "ạc",
        "ê",
        "ộ",
        "ôn",
        "ãn",
        "á",
        "èo",
        "áng",
        "ố",
        "ậu",
        "áy",
        "ần",
        "a",
        "iầu",
        "ông",
        "ẫu",
        "ang",
        "uộn",
        "ục",
        "ú",
        "ỳ",
        "ường",
        "ế",
        "òn",
        "ây",
        "ả",
        "í",
        "ươn",
        "ùn",
        "ứn",
        "uông",
        "ù",
        "ô",
        "ạ",
        "ồ",
        "ít",
        "u",
        "ung",
        "anh",
        "ười",
        "uổi",
        "uôn",
        "ộc",
        "ương",
        "ằn",
        "ột",
        "úa",
        "en",
        "ỏ",
        "i",
        "iền",
        "ặc",
        "o",
        "ao",
        "y",
        "iễn",
        "ịch",
        "ạo",
        "ại",
        "ộng",
        "ạn",
        "ới",
        "ão",
        "iện",
        "e",
        "ìn",
        "ọt",
        "ạy",
        "ò",
        "ân",
        "à",
        "ùa",
        "àu",
        "ỡ",
        "ũi",
        "án",
        "ăng",
        "an",
        "ar",
        "oong",
        "ơ",
        "ăih",
        "láh",
        "ốt",
        "il",
        "ạnh",
        "âm",
        "ôl",
        "ập",
        "ong",
        "ái",
        "au",
        "át",
        "óng"
    ],
    "d": [
        "ương",
        "ịch",
        "ừa",
        "u",
        "ền",
        "ân",
        "ược",
        "ục",
        "ư",
        "iễn",
        "uyên",
        "i",
        "ị",
        "iệu",
        "ũng",
        "ực",
        "uệ",
        "íu",
        "ẩn",
        "uyệt",
        "o",
        "ìn",
        "ần",
        "ung",
        "ình",
        "ề",
        "ào",
        "ong",
        "ồm",
        "ụ",
        "ế",
        "ăm",
        "anh",
        "ĩnh",
        "ữu",
        "oãn",
        "ẫn",
        "ưỡng",
        "uy",
        "ầu",
        "ài",
        "ù",
        "ạ",
        "iêm",
        "iệm",
        "iên",
        "ơi",
        "ang",
        "ăng",
        "êê",
        "y",
        "ơn",
        "on",
        "õng",
        "inh",
        "iêu",
        "om",
        "ơk",
        "êr",
        "ơng",
        "jrăng",
        "in",
        "răng",
        "un",
        "reng",
        "rông",
        "liê",
        "rang",
        "ăh",
        "oal",
        "răm",
        "ray",
        "rênh",
        "ur",
        "rô",
        "ây",
        "ĩ",
        "ak",
        "ầm",
        "rai"
    ],
    "a": [
        "n",
        "nh",
        "m",
        "ng",
        "yun",
        "r",
        "l",
        "ke"
    ],
    "y": [
        "ên",
        "ết",
        "ến",
        "a",
        "êu",
        "ang",
        "ok",
        "ă",
        "eng",
        "ông",
        "iêng"
    ],
    "s": [
        "ài",
        "ở",
        "óc",
        "ơn",
        "en",
        "ong",
        "ủng",
        "ính",
        "ảng",
        "án",
        "ử",
        "ủ",
        "ản",
        "ông",
        "ỹ",
        "ĩ",
        "ảo",
        "inh",
        "an",
        "ung",
        "áng",
        "àng",
        "áo",
        "ành",
        "i",
        "ín",
        "a",
        "u",
        "ìn",
        "ang",
        "ó",
        "áy",
        "am",
        "on",
        "ơ",
        "ùng",
        "in",
        "ô",
        "à",
        "ì",
        "o",
        "uối",
        "ỏ",
        "ại",
        "ập",
        "ai",
        "ốp",
        "ào",
        "ăm",
        "ầm",
        "ao",
        "àn",
        "ỏi",
        "ách",
        "ặt",
        "ậy",
        "anh",
        "ịa",
        "im",
        "mar",
        "ơmei",
        "ró",
        "ê",
        "ol",
        "iên",
        "úp",
        "uê",
        "ar",
        "áp",
        "om",
        "ắk",
        "ôr",
        "rônh",
        "áu"
    ],
    "ô": [
        "n",
        "ng"
    ],
    "u": [
        "y",
        "yên",
        "i",
        "ar",
        "ông"
    ],
    "o": [
        "ai",
        "n",
        "ng"
    ],
    "á": [
        "ng",
        "i"
    ],
    "ư": [
        "ớc"
    ],
    "â": [
        "m",
        "n",
        "u"
    ],
    "r": [
        "ế",
        "ịa",
        "ã",
        "àng",
        "ồng",
        "ạng",
        "uộng",
        "ui",
        "ừng",
        "ụt",
        "oàng",
        "i",
        "ao",
        "ooi",
        "áng",
        "ang",
        "iêng",
        "í",
        "ơ",
        "ing",
        "ve",
        "uồng",
        "e",
        "éo",
        "ai",
        "ông",
        "eo",
        "bol",
        "tô",
        "oong",
        "ăng",
        "ơn",
        "sai",
        "sươm",
        "mok",
        "căm",
        "ong",
        "al",
        "ốk",
        "vê",
        "óa",
        "eh",
        "u",
        "sal",
        "ô",
        "òn",
        "é",
        "iềng",
        "ay",
        "ạch",
        "ài",
        "ì",
        "anh",
        "ẫy"
    ],
    "ỷ": [],
    "ấ": [
        "m",
        "p",
        "n"
    ],
    "ứ": [
        "ng"
    ],
    "ả": [
        "ng",
        "i",
        "nh"
    ],
    "ẳ": [
        "ng"
    ],
    "ủ": [
        "ng"
    ],
    "ơ": [
        "n",
        "t"
    ],
    "é": [
        "t"
    ],
    "í": [
        "t",
        "ch"
    ],
    "e": [
        "n",
        "achà",
        "a",
        "abar",
        "abia",
        "atrol",
        "aly",
        "lang",
        "o"
    ],
    "ú": [
        "c",
        "y"
    ],
    "ý": [],
    "ố": [
        "ng"
    ],
    "ó": [
        "c"
    ],
    "i": [
        "i",
        "a",
        "ii",
        "v"
    ],
    "j": [
        "ơ",
        "lơi",
        "ang",
        "ing",
        "út"
    ],
    "z": [
        "a",
        "uôich"
    ],
    "ổ": [],
    "w": [
        "a",
        "ang",
        "y",
        "er",
        "i",
        "il"
    ],
    "ê": [
        "bur"
    ]
}